<?xml version="1.0" encoding="UTF-8"?>
<project-private xmlns="http://www.netbeans.org/ns/project-private/1">
    <editor-bookmarks xmlns="http://www.netbeans.org/ns/editor-bookmarks/2" lastBookmarkId="0"/>
    <open-files xmlns="http://www.netbeans.org/ns/projectui-open-files/2">
        <group>
            <file>file:/home/padilla/Downloads/PROYECTO/src/dba/MYSQL.java</file>
            <file>file:/home/padilla/Downloads/PROYECTO/src/iu/Elegir_calificar.java</file>
            <file>file:/home/padilla/Downloads/PROYECTO/src/iu/Calificar_meritos_labo.java</file>
            <file>file:/home/padilla/Downloads/PROYECTO/src/iu/Tabla_calificar_labo.java</file>
            <file>file:/home/padilla/Downloads/PROYECTO/src/iu/Tabla_calificar_materia.java</file>
            <file>file:/home/padilla/Downloads/PROYECTO/src/iu/Autoridad.java</file>
            <file>file:/home/padilla/Downloads/PROYECTO/src/dba/Metodos_sql.java</file>
            <file>file:/home/padilla/Downloads/PROYECTO/src/iu/Cuenta_Autoridad.java</file>
            <file>file:/home/padilla/Downloads/PROYECTO/src/iu/Calificar_conocimientos_materia.java</file>
            <file>file:/home/padilla/Downloads/PROYECTO/src/iu/Elegir_calificar_laboratorio.java</file>
            <file>file:/home/padilla/Downloads/PROYECTO/src/iu/Elegir_Materia.java</file>
        </group>
    </open-files>
</project-private>
