<?xml version="1.0" encoding="UTF-8"?>
<project-private xmlns="http://www.netbeans.org/ns/project-private/1">
    <editor-bookmarks xmlns="http://www.netbeans.org/ns/editor-bookmarks/2" lastBookmarkId="0"/>
    <open-files xmlns="http://www.netbeans.org/ns/projectui-open-files/2">
        <group>
            <file>file:/home/padilla/Downloads/PROYECTO/src/iu/Crear_Cuenta.java</file>
            <file>file:/home/padilla/Downloads/PROYECTO/src/dba/MYSQL.java</file>
            <file>file:/home/padilla/Downloads/PROYECTO/src/iu/Calificar_documentos_labo.java</file>
            <file>file:/home/padilla/Downloads/PROYECTO/src/iu/Cuenta_Administracion.java</file>
            <file>file:/home/padilla/Downloads/PROYECTO/src/iu/Calificar_requisitos_labo.java</file>
            <file>file:/home/padilla/Downloads/PROYECTO/src/iu/Calificar_requisitos_piza.java</file>
            <file>file:/home/padilla/Downloads/PROYECTO/src/iu/Calificar_documentos_piza.java</file>
            <file>file:/home/padilla/Downloads/PROYECTO/src/iu/Calificacion_Meritos_Piza.java</file>
            <file>file:/home/padilla/Downloads/PROYECTO/src/iu/Creacion_Cuentas.java</file>
        </group>
    </open-files>
</project-private>
