<?xml version="1.0" encoding="UTF-8"?>
<project-private xmlns="http://www.netbeans.org/ns/project-private/1">
    <editor-bookmarks xmlns="http://www.netbeans.org/ns/editor-bookmarks/2" lastBookmarkId="0"/>
    <open-files xmlns="http://www.netbeans.org/ns/projectui-open-files/2">
        <group>
            <file>file:/home/padilla/Downloads/PROYECTO/src/iu/Cuenta_Secretaria.java</file>
            <file>file:/home/padilla/Downloads/PROYECTO/src/iu/Crear_Cuenta.java</file>
            <file>file:/home/padilla/Downloads/PROYECTO/src/dba/MYSQL.java</file>
            <file>file:/home/padilla/Downloads/PROYECTO/src/iu/Habilitar_Postulantes.java</file>
            <file>file:/home/padilla/Downloads/PROYECTO/src/iu/Seccion_Administracion.java</file>
            <file>file:/home/padilla/Downloads/PROYECTO/src/iu/Usuario.java</file>
            <file>file:/home/padilla/Downloads/PROYECTO/src/iu/Cuenta_Tribunal.java</file>
            <file>file:/home/padilla/Downloads/PROYECTO/src/iu/Tribunal.java</file>
            <file>file:/home/padilla/Downloads/PROYECTO/src/dba/Metodos_sql.java</file>
            <file>file:/home/padilla/Downloads/PROYECTO/src/iu/Cuenta_Autoridad.java</file>
            <file>file:/home/padilla/Downloads/PROYECTO/src/iu/Creacion_Cuentas.java</file>
            <file>file:/home/padilla/Downloads/PROYECTO/src/iu/Administracion.java</file>
        </group>
    </open-files>
</project-private>
