<?xml version="1.0" encoding="UTF-8"?>
<project-private xmlns="http://www.netbeans.org/ns/project-private/1">
    <editor-bookmarks xmlns="http://www.netbeans.org/ns/editor-bookmarks/2" lastBookmarkId="0"/>
    <open-files xmlns="http://www.netbeans.org/ns/projectui-open-files/2">
        <group>
            <file>file:/C:/Users/Usuario.DESKTOP-15MCVQ7/Documents/NetBeansProjects/PROYECTO/src/iu/Postular_Laboratorio.java</file>
            <file>file:/C:/Users/Usuario.DESKTOP-15MCVQ7/Documents/NetBeansProjects/PROYECTO/src/iu/Sesion_Secretaria.java</file>
            <file>file:/C:/Users/Usuario.DESKTOP-15MCVQ7/Documents/NetBeansProjects/PROYECTO/src/iu/Sesion_Autoridad.java</file>
            <file>file:/C:/Users/Usuario.DESKTOP-15MCVQ7/Documents/NetBeansProjects/PROYECTO/src/iu/Sesion_Tribunal.java</file>
            <file>file:/C:/Users/Usuario.DESKTOP-15MCVQ7/Documents/NetBeansProjects/PROYECTO/src/iu/Postular.java</file>
            <file>file:/C:/Users/Usuario.DESKTOP-15MCVQ7/Documents/NetBeansProjects/PROYECTO/src/iu/Autoridad.java</file>
            <file>file:/C:/Users/Usuario.DESKTOP-15MCVQ7/Documents/NetBeansProjects/PROYECTO/src/iu/Calificar_documentos_piza.java</file>
            <file>file:/C:/Users/Usuario.DESKTOP-15MCVQ7/Documents/NetBeansProjects/PROYECTO/src/iu/Elegir_requisitos.java</file>
            <file>file:/C:/Users/Usuario.DESKTOP-15MCVQ7/Documents/NetBeansProjects/PROYECTO/src/iu/Tabla_conocimientos_piza.java</file>
            <file>file:/C:/Users/Usuario.DESKTOP-15MCVQ7/Documents/NetBeansProjects/PROYECTO/src/iu/Creacion_Cuentas.java</file>
            <file>file:/C:/Users/Usuario.DESKTOP-15MCVQ7/Documents/NetBeansProjects/PROYECTO/src/iu/Tabla_calificar_labo.java</file>
            <file>file:/C:/Users/Usuario.DESKTOP-15MCVQ7/Documents/NetBeansProjects/PROYECTO/src/iu/Calificar_requisitos_piza.java</file>
            <file>file:/C:/Users/Usuario.DESKTOP-15MCVQ7/Documents/NetBeansProjects/PROYECTO/src/iu/Secretaria.java</file>
            <file>file:/C:/Users/Usuario.DESKTOP-15MCVQ7/Documents/NetBeansProjects/PROYECTO/src/iu/Postular_Pizarra.java</file>
            <file>file:/C:/Users/Usuario.DESKTOP-15MCVQ7/Documents/NetBeansProjects/PROYECTO/src/iu/Cuenta_Administracion.java</file>
            <file>file:/C:/Users/Usuario.DESKTOP-15MCVQ7/Documents/NetBeansProjects/PROYECTO/src/iu/Tabla_documentos_piza.java</file>
            <file>file:/C:/Users/Usuario.DESKTOP-15MCVQ7/Documents/NetBeansProjects/PROYECTO/src/iu/Elegir_documentos.java</file>
            <file>file:/C:/Users/Usuario.DESKTOP-15MCVQ7/Documents/NetBeansProjects/PROYECTO/src/iu/Cuenta_Secretaria.java</file>
            <file>file:/C:/Users/Usuario.DESKTOP-15MCVQ7/Documents/NetBeansProjects/PROYECTO/src/iu/Tabla_postulados_labo.java</file>
            <file>file:/C:/Users/Usuario.DESKTOP-15MCVQ7/Documents/NetBeansProjects/PROYECTO/src/iu/Elegir_meritos.java</file>
            <file>file:/C:/Users/Usuario.DESKTOP-15MCVQ7/Documents/NetBeansProjects/PROYECTO/src/iu/Tabla_conocimientos_labo.java</file>
            <file>file:/C:/Users/Usuario.DESKTOP-15MCVQ7/Documents/NetBeansProjects/PROYECTO/src/iu/Verificar_Administrador.java</file>
            <file>file:/C:/Users/Usuario.DESKTOP-15MCVQ7/Documents/NetBeansProjects/PROYECTO/src/iu/Tabla_requisitos_labo.java</file>
            <file>file:/C:/Users/Usuario.DESKTOP-15MCVQ7/Documents/NetBeansProjects/PROYECTO/src/iu/Calificar_requisitos_labo.java</file>
            <file>file:/C:/Users/Usuario.DESKTOP-15MCVQ7/Documents/NetBeansProjects/PROYECTO/src/iu/Tabla_calificar_piza.java</file>
            <file>file:/C:/Users/Usuario.DESKTOP-15MCVQ7/Documents/NetBeansProjects/PROYECTO/src/iu/Tabla_meritos_piza.java</file>
            <file>file:/C:/Users/Usuario.DESKTOP-15MCVQ7/Documents/NetBeansProjects/PROYECTO/src/iu/Inicio.java</file>
            <file>file:/C:/Users/Usuario.DESKTOP-15MCVQ7/Documents/NetBeansProjects/PROYECTO/src/iu/Elegir_conocimiento.java</file>
            <file>file:/C:/Users/Usuario.DESKTOP-15MCVQ7/Documents/NetBeansProjects/PROYECTO/src/iu/Usuario.java</file>
            <file>file:/C:/Users/Usuario.DESKTOP-15MCVQ7/Documents/NetBeansProjects/PROYECTO/src/iu/Cuenta_Autoridad.java</file>
            <file>file:/C:/Users/Usuario.DESKTOP-15MCVQ7/Documents/NetBeansProjects/PROYECTO/src/iu/Requisitos.java</file>
            <file>file:/C:/Users/Usuario.DESKTOP-15MCVQ7/Documents/NetBeansProjects/PROYECTO/src/iu/Tribunal.java</file>
            <file>file:/C:/Users/Usuario.DESKTOP-15MCVQ7/Documents/NetBeansProjects/PROYECTO/src/iu/Crear_Cuenta.java</file>
            <file>file:/C:/Users/Usuario.DESKTOP-15MCVQ7/Documents/NetBeansProjects/PROYECTO/src/iu/Tabla_postulados_piza.java</file>
            <file>file:/C:/Users/Usuario.DESKTOP-15MCVQ7/Documents/NetBeansProjects/PROYECTO/src/iu/Tabla_requisitos_piza.java</file>
            <file>file:/C:/Users/Usuario.DESKTOP-15MCVQ7/Documents/NetBeansProjects/PROYECTO/src/dba/Metodos_sql.java</file>
            <file>file:/C:/Users/Usuario.DESKTOP-15MCVQ7/Documents/NetBeansProjects/PROYECTO/src/iu/Sesion_Administracion.java</file>
            <file>file:/C:/Users/Usuario.DESKTOP-15MCVQ7/Documents/NetBeansProjects/PROYECTO/src/iu/Elegir_postulantes.java</file>
            <file>file:/C:/Users/Usuario.DESKTOP-15MCVQ7/Documents/NetBeansProjects/PROYECTO/src/iu/Tabla_meritos_labo.java</file>
            <file>file:/C:/Users/Usuario.DESKTOP-15MCVQ7/Documents/NetBeansProjects/PROYECTO/src/dba/MYSQL.java</file>
            <file>file:/C:/Users/Usuario.DESKTOP-15MCVQ7/Documents/NetBeansProjects/PROYECTO/src/iu/Administracion.java</file>
            <file>file:/C:/Users/Usuario.DESKTOP-15MCVQ7/Documents/NetBeansProjects/PROYECTO/src/iu/Tabla_documentos_labo.java</file>
            <file>file:/C:/Users/Usuario.DESKTOP-15MCVQ7/Documents/NetBeansProjects/PROYECTO/src/iu/Cuenta_Tribunal.java</file>
            <file>file:/C:/Users/Usuario.DESKTOP-15MCVQ7/Documents/NetBeansProjects/PROYECTO/src/iu/Calificar_documentos_labo.java</file>
            <file>file:/C:/Users/Usuario.DESKTOP-15MCVQ7/Documents/NetBeansProjects/PROYECTO/src/iu/Tabla_habilitar.java</file>
            <file>file:/C:/Users/Usuario.DESKTOP-15MCVQ7/Documents/NetBeansProjects/PROYECTO/src/iu/Elegir_calificar.java</file>
        </group>
    </open-files>
</project-private>
