<?xml version="1.0" encoding="UTF-8"?>
<project-private xmlns="http://www.netbeans.org/ns/project-private/1">
    <editor-bookmarks xmlns="http://www.netbeans.org/ns/editor-bookmarks/2" lastBookmarkId="0"/>
    <open-files xmlns="http://www.netbeans.org/ns/projectui-open-files/2">
        <group>
            <file>file:/home/padilla/Downloads/PROYECTO/src/iu/Crear_Cuenta.java</file>
            <file>file:/home/padilla/Downloads/PROYECTO/src/iu/Cuenta_Administracion.java</file>
            <file>file:/home/padilla/Downloads/PROYECTO/src/iu/Elegir_documentos.java</file>
            <file>file:/home/padilla/Downloads/PROYECTO/src/iu/Calificar_requisitos_piza.java</file>
            <file>file:/home/padilla/Downloads/PROYECTO/src/iu/Calificar_documentos_piza.java</file>
            <file>file:/home/padilla/Downloads/PROYECTO/src/iu/Elegir_conocimiento.java</file>
            <file>file:/home/padilla/Downloads/PROYECTO/src/dba/Metodos_sql.java</file>
            <file>file:/home/padilla/Downloads/PROYECTO/src/iu/Tabla_calificar_piza.java</file>
            <file>file:/home/padilla/Downloads/PROYECTO/src/iu/Calificar_meritos_piza.java</file>
            <file>file:/home/padilla/Downloads/PROYECTO/src/iu/Calificar_conocimientos_piza.java</file>
            <file>file:/home/padilla/Downloads/PROYECTO/src/iu/Tabla_conocimientos_piza.java</file>
            <file>file:/home/padilla/Downloads/PROYECTO/src/dba/MYSQL.java</file>
            <file>file:/home/padilla/Downloads/PROYECTO/src/iu/Calificar_documentos_labo.java</file>
            <file>file:/home/padilla/Downloads/PROYECTO/src/iu/Calificar_meritos_labo.java</file>
            <file>file:/home/padilla/Downloads/PROYECTO/src/iu/Elegir_calificar.java</file>
            <file>file:/home/padilla/Downloads/PROYECTO/src/iu/Tabla_notas_piza.java</file>
            <file>file:/home/padilla/Downloads/PROYECTO/src/iu/Calificar_requisitos_labo.java</file>
            <file>file:/home/padilla/Downloads/PROYECTO/src/iu/Tabla_calificar_labo.java</file>
            <file>file:/home/padilla/Downloads/PROYECTO/src/iu/Calificar_conocimientos_labo.java</file>
            <file>file:/home/padilla/Downloads/PROYECTO/src/iu/Creacion_Cuentas.java</file>
            <file>file:/home/padilla/Downloads/PROYECTO/src/iu/Tabla_notas_labo.java</file>
            <file>file:/home/padilla/Downloads/PROYECTO/src/iu/Administracion.java</file>
            <file>file:/home/padilla/Downloads/PROYECTO/src/iu/Tabla_conocimientos_labo.java</file>
        </group>
    </open-files>
</project-private>
